index,symbol,rva
0x0000000000000000,BEzeHmdXHBX,0x00000000008ac1c0
0x0000000000000001,GakYfV_FNRk,0x00000000008ac3a0
0x0000000000000002,EMfbYRXPhgC,0x00000000008ac2a0
0x0000000000000003,SLHkC_fQsrn,0x00000000008ac870
0x0000000000000004,XdNAgGeigov,0x00000000008aca80
0x0000000000000005,yjEPcvudAEi,0x00000000008ad5a0
0x0000000000000006,lGrNNQkGvXG,0x00000000008ad1f0
0x0000000000000007,WtKQmGtlGHk,0x00000000008aca70
0x0000000000000008,TgzpkdaQrBi,0x00000000008ac970
0x0000000000000009,fpcKguvCTFH,0x00000000008ad030
0x000000000000000a,bIlvKEfFqqK,0x00000000008acf20
0x000000000000000b,TjdhrXPbhB_,0x00000000008ac9a0
0x000000000000000c,iVmINJqTkdD,0x00000000008ad160
0x000000000000000d,KNKYWinYMWo,0x00000000008ac4c0
0x000000000000000e,GTvMYEsCyIT,0x00000000008ac370
0x000000000000000f,onPGBEguzau,0x00000000008ad2b0
0x0000000000000010,xZovcOudVqK,0x00000000008ad570
0x0000000000000011,tGGZdasJfiN,0x000000000086c020
0x0000000000000012,UXIDaoGXVUt,0x00000000008aca00
0x0000000000000013,OybSiYZIVOB,0x00000000008ac6c0
0x0000000000000014,ulNFHyZMjdW,0x00000000008ad490
0x0000000000000015,bJMeYsyaSZk,0x00000000008acf30
0x0000000000000016,cITdDbZOSTu,0x00000000008acf60
0x0000000000000017,AtbgprhfwLS,0x00000000008ac1a0
0x0000000000000018,ACozeuFwqHB,0x00000000008ac160
0x0000000000000019,voprxOmIxYW,0x00000000008ad4f0
0x000000000000001a,OTSXaSz_vdX,0x0000000000899dc0
0x000000000000001b,lKEJjuFzZEE,0x00000000008ad200
0x000000000000001c,RyqvezJrxjv,0x00000000008ac840
0x000000000000001d,ITadYCxyETr,0x00000000008ac490
0x000000000000001e,AYrlHpQJqrQ,0x00000000008ac190
0x000000000000001f,yvgbgAoSMNW,0x00000000008ad5b0
0x0000000000000020,OvWlslRZoeg,0x00000000008540b0
0x0000000000000021,LKwZIpodexH,0x00000000008ac530
0x0000000000000022,cGZToSGnsmh,0x00000000008acf50
0x0000000000000023,fdeFdkjuvUq,0x00000000008540a0
0x0000000000000024,drKWNcYBECH,0x00000000008acfa0
0x0000000000000025,psegMMkTeab,0x00000000008ad2e0
0x0000000000000026,ASbgUjbcGsJ,0x00000000008ac180
0x0000000000000027,VjVJNhZWdft,0x00000000008aca60
0x0000000000000028,Es_WjWedwvO,0x00000000008ac2c0
0x0000000000000029,bbjCutbP_Wj,0x00000000008acf40
0x000000000000002a,mtKrAAgmJBI,0x00000000008ad260
0x000000000000002b,KEPQjRcxsPQ,0x00000000008ac4b0
0x000000000000002c,QqWtkhzAvZA,0x00000000008ac760
0x000000000000002d,_XyCIecTdSG,0x00000000008acec0
0x000000000000002e,wNOqaoePdzG,0x00000000008ad510
0x000000000000002f,dRSAgzSHIMV,0x00000000008acf90
0x0000000000000030,fKwJLEYohQB,0x00000000008ac890
0x0000000000000031,ZlevgrgNBej,0x00000000008ace90
0x0000000000000032,TPKJJaAxcKi,0x00000000008ac460
0x0000000000000033,V_vsPpbRowH,0x00000000008aca40
0x0000000000000034,TnUaweDumnp,0x00000000008ac9c0
0x0000000000000035,RgKNpZpyqVK,0x00000000008ac7b0
0x0000000000000036,GYrlCUWyclB,0x00000000008ac390
0x0000000000000037,Bs_FAvKufOt,0x000000000001c0a0
0x0000000000000038,rqCLydOBEjJ,0x00000000008ad3e0
0x0000000000000039,voCaPLdmNHe,0x00000000008ad4e0
0x000000000000003a,fufNclkMMnk,0x00000000008ad050
0x000000000000003b,LUeiCzDiZPW,0x00000000008ac5d0
0x000000000000003c,qygTFWNQkHx,0x00000000008ad300
0x000000000000003d,KorWzNTCcMM,0x00000000008ac4f0
0x000000000000003e,EzXONPHmqsX,0x00000000008540a0
0x000000000000003f,skwFsjQETRi,0x00000000007484b0
0x0000000000000040,GYFyJMbIhkX,0x00000000008ac380
0x0000000000000041,urpFCQjElZY,0x00000000008ad4a0
0x0000000000000042,jfNwYzKJoGd,0x00000000008ad1c0
0x0000000000000043,RzpzUnDvXoT,0x00000000008ac850
0x0000000000000044,JIuuztpbbjz,0x0000000000899dc0
0x0000000000000045,wGXAvFYxmAb,0x00000000008ad500
0x0000000000000046,DFYRpAmQYPc,0x00000000008ac250
0x0000000000000047,fqilvVe_aaF,0x00000000008ad040
0x0000000000000048,uVsSbSWBRqN,0x0000000000002e00
0x0000000000000049,ZKJncNpiJqD,0x00000000008acad0
0x000000000000004a,LOLWENRGlkt,0x00000000008ac540
0x000000000000004b,wsDKTXquCZn,0x00000000008ad540
0x000000000000004c,NukOoUiYMiO,0x00000000008ac680
0x000000000000004d,embIEEhpaDV,0x00000000008acfd0
0x000000000000004e,fIinGOcxdyb,0x00000000008ad000
0x000000000000004f,DxirEeRazck,0x00000000008ac280
0x0000000000000050,PXLIRbnJAXH,0x0000000000854210
0x0000000000000051,FawuaopANUr,0x00000000008ac2d0
0x0000000000000052,TeYivnSNBdZ,0x00000000008ac8e0
0x0000000000000053,OjdxOhSEYdZ,0x000000000086d2c0
0x0000000000000054,iMMuoOXXISs,0x00000000008ad080
0x0000000000000055,DUWenDHNKeU,0x00000000008ac260
0x0000000000000056,RtRyFaRkZFi,0x00000000008ac460
0x0000000000000057,sEvsHkWOzJg,0x0000000000899dc0
0x0000000000000058,ZgbLdxbaYwx,0x00000000008ac890
0x0000000000000059,zZevroGdo_R,0x00000000008ad5d0
0x000000000000005a,TpVEjHsrtPd,0x00000000008ac9e0
0x000000000000005b,BUccJbKKWWR,0x00000000008ac1f0
0x000000000000005c,iReKGFUfXHy,0x00000000008ad140
0x000000000000005d,AKqjdfOAmvx,0x00000000008ac170
0x000000000000005e,paDfisXfdtp,0x00000000008ad2c0
0x000000000000005f,wpJTZNPRyoP,0x00000000008ad530
0x0000000000000060,qVZgwLAhmN_,0x00000000008ad2f0
0x0000000000000061,sxNzchchusd,0x00000000008ad470
0x0000000000000062,sqQYMfbsrrB,0x00000000008ad460
0x0000000000000063,vZtGLNxmtED,0x00000000008ad4c0
0x0000000000000064,sodCNbFLDUT,0x000000000087d460
0x0000000000000065,VfxqDz_dblr,0x00000000008aca50
0x0000000000000066,rgMJjkUAKqt,0x00000000008ad3d0
0x0000000000000067,ThQCscLjUxz,0x00000000008ac980
0x0000000000000068,QKRlmunMeUH,0x00000000008ac6f0
0x0000000000000069,lLKRUmoDtIM,0x00000000008ad210
0x000000000000006a,OLQgIPTaYAN,0x00000000008ac6a0
0x000000000000006b,GOhZcpQrMmL,0x00000000008ac360
0x000000000000006c,SltnPUR_SDW,0x00000000008ac880
0x000000000000006d,dRHwZASkyuA,0x00000000008acf80
0x000000000000006e,UkPIRKTtosM,0x00000000008aca10
0x000000000000006f,XwkLNLmLOvJ,0x00000000008aca90
0x0000000000000070,HZYVHMGsakT,0x00000000008ac470
0x0000000000000071,va_aUbWxKwl,0x0000000000019730
0x0000000000000072,yNnLQmYOUwY,0x00000000000034c0
0x0000000000000073,HVThrBzAQDY,0x00000000000034c0
0x0000000000000074,NTbvmQvBmkP,0x00000000008ac650
0x0000000000000075,cZxCMwxXN_n,0x00000000008acf70
0x0000000000000076,fJeOdaQGeQT,0x00000000008ad010
0x0000000000000077,ToOqXgWHnCW,0x00000000008ac9d0
0x0000000000000078,hjxrxIfjPfK,0x00000000008ad070
0x0000000000000079,DbIpoyzDCAN,0x00000000008ac270
0x000000000000007a,RhAiKdDNTjV,0x00000000008ac7c0
0x000000000000007b,xL_xAeUAtJm,0x000000000086e8c0
0x000000000000007c,xsuiqAuJGxG,0x000000000086e7e0
0x000000000000007d,KynyzbMNYhK,0x00000000008ac500
0x000000000000007e,XrJMRFvWznz,0x0000000000040c60
0x000000000000007f,ZKbzvzcbOII,0x00000000007bb500
0x0000000000000080,ZBcJTpxfwNG,0x00000000008acac0
0x0000000000000081,chLIxfRZjqH,0x0000000000040c60
0x0000000000000082,oadgMEIWorA,0x0000000000040c60
0x0000000000000083,_zDktknSxsn,0x00000000008acef0
0x0000000000000084,CTyCmgYGXSg,0x00000000008ac240
0x0000000000000085,TDqDIqBbhiO,0x00000000008ac8b0
0x0000000000000086,_XaXMGJTTZu,0x00000000008aceb0
0x0000000000000087,_KTvAeBaern,0x00000000008acea0
0x0000000000000088,wwwPgoioNTx,0x00000000008ad550
0x0000000000000089,SdMhHieazWS,0x00000000008547f0
0x000000000000008a,HXgXXIGOIjA,0x00000000008ac460
0x000000000000008b,SmjXMhVYoQC,0x00000000008ac890
0x000000000000008c,nnHGOANHlaL,0x00000000008ad290
0x000000000000008d,eVtxOlmnOPu,0x00000000008acfb0
0x000000000000008e,PgVpddHWibV,0x00000000008ac6d0
0x000000000000008f,TkUlmWMMaXV,0x00000000008ac9b0
0x0000000000000090,ELEoYzdIkKD,0x00000000008ac290
0x0000000000000091,GjGwocEBkFn,0x00000000008ac430
0x0000000000000092,ieIcFceYAzh,0x00000000008547f0
0x0000000000000093,tRzhsmOPMGw,0x00000000008ad480
0x0000000000000094,QgaPUSbFXQL,0x00000000008ac730
0x0000000000000095,ZMqUzUzWMWY,0x00000000008acd30
0x0000000000000096,AtuCUe_bdtE,0x00000000008ac1b0
0x0000000000000097,lvoXMMMcgjr,0x00000000008ad230
0x0000000000000098,pJVjkGieNKY,0x00000000008ac890
0x0000000000000099,llMkcwvTpam,0x00000000008ac460
0x000000000000009a,tBmlPXIesPZ,0x00000000008ac1f0
0x000000000000009b,fIcfuwGXMYl,0x0000000000899dc0
0x000000000000009c,pexmLxuPGiL,0x0000000000899dc0
0x000000000000009d,HTsiCpOkXOc,0x00000000008ac450
0x000000000000009e,elfGn_thjjd,0x00000000008acfc0
0x000000000000009f,jFRxfrPPmzT,0x00000000008ad1a0
0x00000000000000a0,euGGAdinYXc,0x0000000000853b10
0x00000000000000a1,QJywsHSNVwk,0x0000000000853910
0x00000000000000a2,kGAYrlgCPRL,0x00000000008ad1e0
0x00000000000000a3,LeLThboQcCQ,0x00000000008ac5f0
0x00000000000000a4,YSAcVGRJVcm,0x00000000008acab0
0x00000000000000a5,bGavXzxnW_R,0x00000000008acf10
0x00000000000000a6,nyqrYKCk_QH,0x00000000008ad2a0
0x00000000000000a7,jB_hJitcuij,0x00000000008ad190
0x00000000000000a8,wSwgm_qdttV,0x00000000008ad520
0x00000000000000a9,EkRHKXXYJQQ,0x00000000008ac2b0
0x00000000000000aa,MEXeZHjlqAK,0x00000000008ac630
0x00000000000000ab,FgMIw_MlCZU,0x0000000000854930
0x00000000000000ac,TcmoDzWsKTW,0x00000000008ac8d0
0x00000000000000ad,BgjRtBzaTcS,0x00000000008ac200
0x00000000000000ae,VHAEgrTTYwX,0x00000000008aca30
0x00000000000000af,iqJeJixxFGB,0x00000000008ad170
0x00000000000000b0,_yvSKMnOdSZ,0x00000000008acee0
0x00000000000000b1,LaJQXujGmym,0x00000000008ac5e0
0x00000000000000b2,KddWj_uICNh,0x00000000008ac4e0
0x00000000000000b3,ydLwzLwjpbk,0x00000000008ad590
0x00000000000000b4,pXoldDCzPHf,0x00000000008ac5e0
0x00000000000000b5,aGLkgnIEJgL,0x00000000008acf00
0x00000000000000b6,jyFSWdE_htO,0x00000000008ad1d0
0x00000000000000b7,GqHMbjuZmAf,0x00000000008ac440
0x00000000000000b8,_yUadPkiHDU,0x00000000008aced0
0x00000000000000b9,QFlqWHJqdVq,0x00000000008ac6e0
0x00000000000000ba,BgoKawoJGHW,0x00000000008ac210
0x00000000000000bb,RZFodlBdISy,0x00000000008ac7a0
0x00000000000000bc,xkBpTzhjQLJ,0x00000000008ad580
0x00000000000000bd,RFPCzVjCcDy,0x00000000008ac780
0x00000000000000be,YNBCactONTA,0x00000000008acaa0
0x00000000000000bf,UFgMHk_RSwD,0x00000000008ac9f0
0x00000000000000c0,iSgcAhnTtbe,0x00000000008ad150
0x00000000000000c1,LxwortdaUQv,0x00000000008ac610
0x00000000000000c2,SuMmSSOVfmb,0x00000000008ac8a0
0x00000000000000c3,vdbmRdzlZUD,0x00000000008ad4d0
0x00000000000000c4,nHhXWziwOSm,0x00000000008ad280
0x00000000000000c5,QXbsSGnOrmE,0x00000000008ac720
0x00000000000000c6,mvWE_thXrqi,0x00000000008ad270
0x00000000000000c7,ZkNgOCCVVNc,0x00000000008acdf0
0x00000000000000c8,flxyqymFgSh,0x00000000008ad020
0x00000000000000c9,IZrsPEBYFNB,0x00000000008ac4a0
0x00000000000000ca,TKqdFLmuSBm,0x00000000008ac8c0
0x00000000000000cb,r_xGCP_Tqnf,0x00000000008ad330
0x00000000000000cc,ZeZgGEKPDTh,0x00000000008acd50
0x00000000000000cd,lnvGGgGYwym,0x00000000008ad220
0x00000000000000ce,Z_lRmQIYGLS,0x00000000008acd40
0x00000000000000cf,TVjeHnFtekV,0x00000000008ac890
0x00000000000000d0,UOkHcjcWsNy,0x0000000000899dc0
0x00000000000000d1,KCmzHAzNcfI,0x0000000000899dc0
0x00000000000000d2,mGgxgYIFzca,0x00000000008ad250
0x00000000000000d3,rXOi_xNDvUL,0x00000000008ad320
0x00000000000000d4,BmxTmBmiJom,0x00000000008ac220
0x00000000000000d5,QOPnwIZKwmG,0x00000000008ac700
0x00000000000000d6,NwQdKkjKzSf,0x00000000008ac690
0x00000000000000d7,O_QLoQevKcM,0x00000000008ac6b0
0x00000000000000d8,zNsHOgmyzpx,0x00000000008ad5c0
0x00000000000000d9,ochFNtwImnl,0x00000000000034c0
0x00000000000000da,_YcYZDhGzQv,0x00000000008745d0
0x00000000000000db,hDKJIZKfZwB,0x00000000000034c0
0x00000000000000dc,RwDzKpqkjew,0x00000000008ac830
0x00000000000000dd,sOwtb_rzVEp,0x00000000008ad3f0
0x00000000000000de,HlVbEoPnpbY,0x00000000008ac480
0x00000000000000df,MGtzfFIOKsN,0x00000000008ac640
0x00000000000000e0,ivyCfATABHe,0x00000000008ad180
0x00000000000000e1,psTohrzeyvO,0x00000000008ad2d0
0x00000000000000e2,KSQeez_dkmh,0x00000000008ac4d0
0x00000000000000e3,LxMEeCusUJi,0x00000000008ac600
0x00000000000000e4,QOlVOHphWXd,0x00000000008ac710
0x00000000000000e5,AnpNVSNLnGL,0x00000000000034c0
0x00000000000000e6,BpEgOdcuRvv,0x00000000008ac230
0x00000000000000e7,QsnNQAZxrPv,0x00000000008ac770
0x00000000000000e8,QXerVRDjCXj,0x00000000000159e0
0x00000000000000e9,uxmfqV_aOlA,0x00000000008ad4b0
